Feature,Weight
on_time_performance,2.7674821740901367
total_miles_restricted,-1.104872600864381
median_travel_time,-1.6650672963531392
travel_time_volatility,-2.7684891563160208
buffer_time_index,-2.7856679477719584
