Metric,Value
R² Score,0.999952751273777
RMSE,0.03913353787900921
CV R² Mean,0.9998334051236155
CV R² Std,5.7556017397745946e-05
