Metric,Value
R² Score,0.9999484798960695
RMSE,0.0427817206490798
CV R² Mean,0.9998177644076396
CV R² Std,5.2542803638781795e-05
